{
    "mtx_left": [
        [
            286.45549657519547,
            0.0,
            320.8467670607721
        ],
        [
            0.0,
            282.91336637220667,
            206.23700630682552
        ],
        [
            0.0,
            0.0,
            1.0
        ]
    ],
    "dist_left": [
        [
            -0.17067762789175991,
            0.13923155450307995,
            0.01757218243760811,
            0.0013242459346419137,
            -0.12871311500506563
        ]
    ],
    "mtx_right": [
        [
            1349.3755203264584,
            0.0,
            337.71662530089367
        ],
        [
            0.0,
            1384.961655641567,
            257.79620848388424
        ],
        [
            0.0,
            0.0,
            1.0
        ]
    ],
    "dist_right": [
        [
            -5.500977292580585,
            183.30640713816962,
            -0.041199706035041694,
            -0.03898282887010546,
            -4331.881411106345
        ]
    ],
    "R": [
        [
            0.9994879620454268,
            -0.0006012864095419723,
            0.03199143918196131
        ],
        [
            -0.004695730544255648,
            0.986241817436928,
            0.16524233008936007
        ],
        [
            -0.03165065308860426,
            -0.16530794292277362,
            0.9857340007150539
        ]
    ],
    "T": [
        [
            -8.415064264120591
        ],
        [
            -6.8395596174630064
        ],
        [
            75.17549554807222
        ]
    ],
    "E": [
        [
            0.5694803993557856,
            -73.01058382519196,
            -19.164160514836702
        ],
        [
            74.87066056135576,
            -1.4362789668683575,
            10.699987257145827
        ],
        [
            6.875572377643205,
            -8.303400807940069,
            -1.1717174713215261
        ]
    ],
    "F": [
        [
            6.580889321003774e-07,
            -8.54270325655482e-05,
            0.011063221791579838
        ],
        [
            8.429708330572137e-05,
            -1.6373569881201483e-06,
            -0.02325779209417938
        ],
        [
            -0.01123241498171104,
            0.016162365278132782,
            1.0
        ]
    ],
    "R1": [
        [
            0.9847781869061266,
            -0.13433245614357717,
            0.11030282779836452
        ],
        [
            0.14163902016955893,
            0.2523581317635898,
            -0.9572114506723152
        ],
        [
            0.10074874966613238,
            0.9582641413301578,
            0.2675435009143119
        ]
    ],
    "R2": [
        [
            0.9878834615849443,
            -0.11888184241853261,
            0.0997665969657335
        ],
        [
            0.11079218419195652,
            0.09004919334493261,
            -0.9897556439343514
        ],
        [
            0.10868007291552349,
            0.9888165908403348,
            0.10212928781683718
        ]
    ],
    "P1": [
        [
            687.9844169720535,
            0.0,
            1045.0126953125,
            0.0
        ],
        [
            0.0,
            687.9844169720535,
            -2121.1503105163574,
            0.0
        ],
        [
            0.0,
            0.0,
            1.0,
            0.0
        ]
    ],
    "P2": [
        [
            687.9844169720535,
            0.0,
            1045.0126953125,
            0.0
        ],
        [
            0.0,
            687.9844169720535,
            -2121.1503105163574,
            -52254.88714531254
        ],
        [
            0.0,
            0.0,
            1.0,
            0.0
        ]
    ],
    "Q": [
        [
            1.0,
            0.0,
            0.0,
            -1045.0126953125
        ],
        [
            0.0,
            1.0,
            0.0,
            2121.1503105163574
        ],
        [
            0.0,
            0.0,
            0.0,
            687.9844169720535
        ],
        [
            0.0,
            0.0,
            0.013165934414112849,
            -0.0
        ]
    ],
    "image_size": [
        640,
        480
    ]
}