{
    "mtx_left": [
        [
            355.4918941568626,
            0.0,
            294.7671180139021
        ],
        [
            0.0,
            350.60535949328033,
            211.30260840889434
        ],
        [
            0.0,
            0.0,
            1.0
        ]
    ],
    "dist_left": [
        [
            -0.2083178812738716,
            0.06434904267799303,
            0.014881646020603967,
            0.010180468026571054,
            -0.02440402598289501
        ]
    ],
    "mtx_right": [
        [
            253.14730684267806,
            0.0,
            336.614191970937
        ],
        [
            0.0,
            252.68707982335047,
            294.430944337843
        ],
        [
            0.0,
            0.0,
            1.0
        ]
    ],
    "dist_right": [
        [
            -0.11026861281498586,
            0.02118946659765376,
            -0.015588054861657413,
            -0.000895230964156253,
            -0.0037296241788890286
        ]
    ],
    "R": [
        [
            0.999914583375189,
            0.006578885973395923,
            0.011293547404215147
        ],
        [
            -0.006229185074614919,
            0.9995084516991176,
            -0.030725433037449974
        ],
        [
            -0.011490135200614265,
            0.030652458977734266,
            0.9994640581590165
        ]
    ],
    "T": [
        [
            -9.173204283793307
        ],
        [
            -3.286049994306067
        ],
        [
            -4.7707940164155325
        ]
    ],
    "E": [
        [
            0.00803899982943665,
            4.667723428073653,
            -3.4308735747093975
        ],
        [
            -4.87578786873662,
            0.24979475816679325,
            9.1144087914216
        ],
        [
            3.342910898217592,
            -9.147076662598543,
            0.318961835343857
        ]
    ],
    "F": [
        [
            -2.36072660506955e-08,
            -1.3898244329639164e-05,
            0.006525302263215157
        ],
        [
            1.4344279946213826e-05,
            -7.451237778271961e-07,
            -0.013602953728269168
        ],
        [
            -0.0067005414372490755,
            0.011792355726918509,
            0.9999999999999999
        ]
    ],
    "R1": [
        [
            0.838503331772688,
            0.32177523911119743,
            0.4397418084524525
        ],
        [
            -0.3148926367033272,
            0.9447663162391345,
            -0.09088033368095674
        ],
        [
            -0.4446962895686539,
            -0.062267994948186314,
            0.8935143573826917
        ]
    ],
    "R2": [
        [
            0.8455148772147429,
            0.30288262111048003,
            0.43973481808674597
        ],
        [
            -0.30967659112761636,
            0.94905578008125,
            -0.058254057386150256
        ],
        [
            -0.43497701239964087,
            -0.08692090728711452,
            0.8962364389826312
        ]
    ],
    "P1": [
        [
            1125.7211900604266,
            0.0,
            -133.29557490348816,
            0.0
        ],
        [
            0.0,
            1125.7211900604266,
            345.7153654098511,
            0.0
        ],
        [
            0.0,
            0.0,
            1.0,
            0.0
        ]
    ],
    "P2": [
        [
            1125.7211900604266,
            0.0,
            -133.29557490348816,
            -12213.23328696025
        ],
        [
            0.0,
            1125.7211900604266,
            345.7153654098511,
            0.0
        ],
        [
            0.0,
            0.0,
            1.0,
            0.0
        ]
    ],
    "Q": [
        [
            1.0,
            0.0,
            0.0,
            133.29557490348816
        ],
        [
            0.0,
            1.0,
            0.0,
            -345.7153654098511
        ],
        [
            0.0,
            0.0,
            0.0,
            1125.7211900604266
        ],
        [
            0.0,
            0.0,
            0.09217224985478085,
            -0.0
        ]
    ],
    "image_size": [
        640,
        480
    ]
}