{
    "mtx_left": [
        [
            655.6552630456893,
            0.0,
            301.54479192131106
        ],
        [
            0.0,
            654.1748917758025,
            220.52434941020314
        ],
        [
            0.0,
            0.0,
            1.0
        ]
    ],
    "dist_left": [
        [
            -0.6535272812433439,
            0.1499618295434525,
            0.02299926227481937,
            0.00702786338623413,
            1.3104007923793066
        ]
    ],
    "mtx_right": [
        [
            532.2358838844581,
            0.0,
            308.1019613103626
        ],
        [
            0.0,
            531.2572514292706,
            221.06468223276258
        ],
        [
            0.0,
            0.0,
            1.0
        ]
    ],
    "dist_right": [
        [
            -0.4675281593911613,
            0.4022281293297308,
            0.021287017800185777,
            0.01664217399256986,
            -0.41467673452030135
        ]
    ],
    "R": [
        [
            0.999984669333302,
            -0.0014101389556224018,
            -0.005354680802111509
        ],
        [
            0.001345049653458973,
            0.9999254053123189,
            -0.012139796226651308
        ],
        [
            0.005371400170941958,
            0.012132407803924316,
            0.9999119724961207
        ]
    ],
    "T": [
        [
            -0.11172001399256962
        ],
        [
            0.005856463071698435
        ],
        [
            -0.06928458384095425
        ]
    ],
    "E": [
        [
            0.0001246486122297609,
            0.06935046857733598,
            0.005014846812395149
        ],
        [
            -0.06868342875983476,
            0.0014531336603162014,
            0.11208117638957993
        ],
        [
            -0.00600664225432019,
            -0.11170342184629856,
            0.0013876176946867266
        ]
    ],
    "F": [
        [
            -5.023693734391618e-08,
            -2.801346225628942e-05,
            0.004867637357668446
        ],
        [
            2.7732368077115673e-05,
            -5.88060801545139e-07,
            -0.037904623488576275
        ],
        [
            -0.004826707003657734,
            0.03277630217542302,
            0.9999999999999999
        ]
    ],
    "R1": [
        [
            0.8517539606526638,
            -0.03931123497868515,
            0.522465135025248
        ],
        [
            0.04261337578034119,
            0.9990753697347564,
            0.005701385267037683
        ],
        [
            -0.5222061764448057,
            0.017407825648551516,
            0.8526415875906393
        ]
    ],
    "R2": [
        [
            0.8489987029721295,
            -0.04450527147451701,
            0.5265173151593602
        ],
        [
            0.041173358292179746,
            0.9989889474705557,
            0.018050966694751657
        ],
        [
            -0.5267883416691995,
            0.006353238752855606,
            0.8499727521743057
        ]
    ],
    "P1": [
        [
            -369.3142998796711,
            0.0,
            -265.5801337957382,
            0.0
        ],
        [
            0.0,
            -369.3142998796711,
            206.18222618103027,
            0.0
        ],
        [
            0.0,
            0.0,
            1.0,
            0.0
        ]
    ],
    "P2": [
        [
            -369.3142998796711,
            0.0,
            -265.5801337957382,
            48.598188201905124
        ],
        [
            0.0,
            -369.3142998796711,
            206.18222618103027,
            0.0
        ],
        [
            0.0,
            0.0,
            1.0,
            0.0
        ]
    ],
    "Q": [
        [
            1.0,
            0.0,
            0.0,
            265.5801337957382
        ],
        [
            0.0,
            1.0,
            0.0,
            -206.18222618103027
        ],
        [
            0.0,
            0.0,
            0.0,
            -369.3142998796711
        ],
        [
            0.0,
            0.0,
            7.599342970263106,
            -0.0
        ]
    ]
}