Parameter,Left Camera,Right Camera
Matrix,"[[666.3386805537988, 0.0, 284.9527606970602], [0.0, 663.2418616011785, 220.56708601760826], [0.0, 0.0, 1.0]]","[[549.7746845074315, 0.0, 339.31092882349714], [0.0, 550.009311036431, 267.3690369785356], [0.0, 0.0, 1.0]]"
Distortion Coefficients,"[[-0.6969368478079533, 0.5188574839600885, 0.01753577084434678, 0.01764865226953376, -0.1817320384132597]]","[[-0.5275675932876229, 0.48719731747857403, -0.013585724521406928, -0.0012746149493472975, -0.31550217527730035]]"
